"Step","Qwen2.5-0.5B-Instruct-GSM8K-CRPO-sp-p1-b8-gamma2.0-lam1.0-01161659 - data/hard_failure_seeds_count","Qwen2.5-0.5B-Instruct-GSM8K-CRPO-sp-p1-b8-gamma2.0-lam1.0-01161659 - data/hard_failure_seeds_count__MIN","Qwen2.5-0.5B-Instruct-GSM8K-CRPO-sp-p1-b8-gamma2.0-lam1.0-01161659 - data/hard_failure_seeds_count__MAX"
"1","254","254","254"
"2","217","217","217"
"3","222","222","222"
"4","192","192","192"
"5","199","199","199"
"6","179","179","179"
"7","180","180","180"
"8","147","147","147"
"9","209","209","209"
"10","190","190","190"
"11","168","168","168"
"12","181","181","181"
"13","191","191","191"
"14","152","152","152"
"15","139","139","139"
"16","160","160","160"
"17","124","124","124"
"18","150","150","150"
"19","176","176","176"
"20","100","100","100"
"21","160","160","160"
"22","140","140","140"
"23","164","164","164"
"24","142","142","142"
"25","159","159","159"
"26","115","115","115"
"27","137","137","137"
"28","111","111","111"
"29","134","134","134"
"30","143","143","143"
"31","141","141","141"
"32","116","116","116"
"33","119","119","119"
"34","126","126","126"
"35","152","152","152"
"36","85","85","85"
"37","79","79","79"
"38","107","107","107"
"39","80","80","80"
"40","140","140","140"
"41","130","130","130"
"42","100","100","100"
"43","115","115","115"
"44","100","100","100"
"45","125","125","125"
"46","94","94","94"
"47","93","93","93"
"48","90","90","90"
"49","89","89","89"
"50","102","102","102"
"51","105","105","105"
"52","158","158","158"
"53","125","125","125"
"54","98","98","98"
"55","118","118","118"
"56","101","101","101"
"57","125","125","125"
"58","122","122","122"
"59","108","108","108"
"60","76","76","76"
"61","114","114","114"
"62","87","87","87"
"63","104","104","104"
"64","96","96","96"
"65","83","83","83"
"66","103","103","103"
"67","100","100","100"
"68","86","86","86"
"69","96","96","96"
"70","79","79","79"
"71","119","119","119"
"72","74","74","74"
"73","103","103","103"
"74","133","133","133"
"75","107","107","107"
"76","85","85","85"
"77","108","108","108"
"78","104","104","104"
"79","113","113","113"
"80","92","92","92"
"81","95","95","95"
"82","92","92","92"
"83","112","112","112"
"84","82","82","82"
"85","95","95","95"
"86","92","92","92"
"87","77","77","77"
"88","96","96","96"
"89","85","85","85"
"90","83","83","83"
"91","90","90","90"
"92","73","73","73"
"93","88","88","88"
"94","45","45","45"
"95","116","116","116"
"96","109","109","109"
"97","101","101","101"
"98","91","91","91"
"99","94","94","94"
"100","75","75","75"
"101","90","90","90"
"102","113","113","113"
"103","88","88","88"
"104","74","74","74"
"105","83","83","83"
"106","84","84","84"
"107","111","111","111"
"108","96","96","96"
"109","112","112","112"
"110","83","83","83"
"111","116","116","116"
"112","129","129","129"
"113","97","97","97"
"114","108","108","108"
"115","98","98","98"
"116","103","103","103"
"117","110","110","110"
"118","74","74","74"
"119","62","62","62"
"120","104","104","104"
"121","84","84","84"
"122","76","76","76"
"123","69","69","69"
"124","71","71","71"
"125","81","81","81"
"126","74","74","74"
"127","54","54","54"
"128","64","64","64"
"129","85","85","85"
"130","83","83","83"
"131","91","91","91"
"132","115","115","115"
"133","84","84","84"
"134","79","79","79"
"135","95","95","95"
"136","77","77","77"
"137","74","74","74"
"138","49","49","49"
"139","75","75","75"
"140","75","75","75"
"141","90","90","90"
"142","86","86","86"
"143","74","74","74"
"144","82","82","82"
"145","59","59","59"
"146","78","78","78"
"147","83","83","83"
"148","109","109","109"
"149","67","67","67"
"150","117","117","117"
"151","63","63","63"
"152","63","63","63"
"153","89","89","89"
"154","64","64","64"
"155","86","86","86"
"156","65","65","65"
"157","93","93","93"
"158","91","91","91"
"159","61","61","61"
"160","72","72","72"
"161","63","63","63"
"162","105","105","105"
"163","51","51","51"
"164","88","88","88"
"165","79","79","79"
"166","86","86","86"
"167","64","64","64"
"168","74","74","74"
"169","77","77","77"
"170","60","60","60"
"171","79","79","79"
"172","60","60","60"
"173","68","68","68"
"174","73","73","73"
"175","76","76","76"
"176","87","87","87"
"177","89","89","89"
"178","46","46","46"
"179","62","62","62"
"180","84","84","84"
"181","82","82","82"
"182","89","89","89"
"183","89","89","89"
"184","61","61","61"
"185","57","57","57"
"186","94","94","94"
"187","55","55","55"
"188","54","54","54"
"189","71","71","71"
"190","71","71","71"
"191","133","133","133"
"192","72","72","72"
"193","97","97","97"
"194","49","49","49"
"195","94","94","94"
"196","58","58","58"
"197","66","66","66"
"198","83","83","83"
"199","53","53","53"
"200","63","63","63"
"201","79","79","79"
"202","63","63","63"
"203","88","88","88"
"204","72","72","72"
"205","63","63","63"
"206","75","75","75"
"207","74","74","74"
"208","105","105","105"
"209","81","81","81"
"210","66","66","66"
"211","72","72","72"
"212","78","78","78"
"213","41","41","41"
"214","86","86","86"
"215","82","82","82"
"216","65","65","65"
"217","72","72","72"
"218","87","87","87"
"219","75","75","75"
"220","85","85","85"
"221","82","82","82"
"222","67","67","67"
"223","102","102","102"
"224","85","85","85"
"225","87","87","87"
"226","47","47","47"
"227","80","80","80"
"228","80","80","80"
"229","71","71","71"
"230","70","70","70"
"231","82","82","82"
"232","75","75","75"
"233","55","55","55"
"234","50","50","50"
"235","68","68","68"
"236","48","48","48"
"237","33","33","33"
"238","65","65","65"
"239","58","58","58"
"240","106","106","106"
"241","93","93","93"
"242","67","67","67"
"243","68","68","68"
"244","63","63","63"
"245","90","90","90"
"246","78","78","78"
"247","44","44","44"
"248","73","73","73"
"249","65","65","65"
"250","64","64","64"
"251","82","82","82"
"252","65","65","65"
"253","76","76","76"
"254","72","72","72"
"255","62","62","62"
"256","36","36","36"
"257","72","72","72"
"258","63","63","63"
"259","68","68","68"
"260","58","58","58"
"261","48","48","48"
"262","84","84","84"
"263","104","104","104"
"264","86","86","86"
"265","85","85","85"
"266","60","60","60"
"267","61","61","61"
"268","68","68","68"
"269","70","70","70"
"270","71","71","71"
"271","64","64","64"
"272","50","50","50"
"273","65","65","65"
"274","73","73","73"
"275","69","69","69"
"276","31","31","31"
"277","50","50","50"
"278","39","39","39"
"279","51","51","51"
"280","75","75","75"
"281","54","54","54"
"282","83","83","83"
"283","39","39","39"
"284","47","47","47"
"285","58","58","58"
"286","52","52","52"
"287","46","46","46"
"288","105","105","105"
"289","54","54","54"
"290","101","101","101"
"291","48","48","48"
"292","85","85","85"
"293","52","52","52"
"294","75","75","75"
"295","65","65","65"
"296","48","48","48"
"297","80","80","80"
"298","67","67","67"
"299","73","73","73"
"300","35","35","35"
"301","64","64","64"
"302","66","66","66"
"303","71","71","71"
"304","32","32","32"
"305","58","58","58"
"306","78","78","78"
"307","63","63","63"
"308","83","83","83"
"309","60","60","60"
"310","68","68","68"
"311","80","80","80"
"312","84","84","84"
"313","51","51","51"
"314","80","80","80"
"315","58","58","58"
"316","66","66","66"
"317","62","62","62"
"318","43","43","43"
"319","65","65","65"
"320","96","96","96"
"321","63","63","63"
"322","71","71","71"
"323","62","62","62"
"324","103","103","103"
"325","56","56","56"
"326","70","70","70"
"327","77","77","77"
"328","76","76","76"
"329","60","60","60"
"330","57","57","57"
"331","67","67","67"
"332","62","62","62"
"333","70","70","70"
"334","93","93","93"
"335","37","37","37"
"336","62","62","62"
"337","57","57","57"
"338","59","59","59"
"339","48","48","48"
"340","54","54","54"
"341","54","54","54"
"342","70","70","70"
"343","67","67","67"
"344","62","62","62"
"345","50","50","50"
"346","51","51","51"
"347","88","88","88"
"348","62","62","62"
"349","58","58","58"
"350","84","84","84"
"351","53","53","53"
"352","85","85","85"
"353","47","47","47"
"354","41","41","41"
"355","79","79","79"
"356","64","64","64"
"357","42","42","42"
"358","58","58","58"
"359","50","50","50"
"360","44","44","44"
"361","87","87","87"
"362","67","67","67"
"363","44","44","44"
"364","65","65","65"
"365","73","73","73"
"366","58","58","58"
"367","52","52","52"
"368","77","77","77"
"369","63","63","63"
"370","73","73","73"
"371","102","102","102"
"372","50","50","50"
"373","53","53","53"
"374","51","51","51"
"375","39","39","39"
"376","74","74","74"
"377","46","46","46"
"378","68","68","68"
"379","35","35","35"
"380","81","81","81"
"381","70","70","70"
"382","59","59","59"
"383","54","54","54"
"384","58","58","58"
"385","24","24","24"
"386","50","50","50"
"387","33","33","33"
"388","57","57","57"
"389","57","57","57"
"390","54","54","54"
"391","60","60","60"
"392","25","25","25"
"393","59","59","59"
"394","74","74","74"
"395","70","70","70"
"396","68","68","68"
"397","61","61","61"
"398","42","42","42"
"399","50","50","50"
"400","73","73","73"
"401","55","55","55"
"402","88","88","88"
"403","77","77","77"
"404","73","73","73"
"405","43","43","43"
"406","67","67","67"
"407","92","92","92"
"408","75","75","75"
"409","81","81","81"
"410","52","52","52"
"411","45","45","45"
"412","67","67","67"
"413","39","39","39"
"414","22","22","22"
"415","50","50","50"
"416","40","40","40"
"417","33","33","33"
"418","30","30","30"
"419","86","86","86"
"420","62","62","62"
"421","59","59","59"
"422","58","58","58"
"423","96","96","96"
"424","53","53","53"
"425","70","70","70"
"426","57","57","57"
"427","51","51","51"
"428","52","52","52"
"429","25","25","25"
"430","30","30","30"
"431","83","83","83"
"432","34","34","34"
"433","89","89","89"
"434","65","65","65"
"435","82","82","82"
"436","70","70","70"
"437","49","49","49"
"438","60","60","60"
"439","59","59","59"
"440","68","68","68"
"441","65","65","65"
"442","53","53","53"
"443","54","54","54"
"444","81","81","81"
"445","50","50","50"
"446","54","54","54"
"447","60","60","60"
"448","47","47","47"
"449","45","45","45"
"450","40","40","40"
"451","39","39","39"
"452","71","71","71"
"453","46","46","46"
"454","78","78","78"
"455","50","50","50"
"456","34","34","34"
"457","31","31","31"
"458","75","75","75"
"459","53","53","53"
"460","41","41","41"
"461","56","56","56"
"462","55","55","55"
"463","45","45","45"
"464","57","57","57"
"465","64","64","64"
"466","79","79","79"
"467","29","29","29"
"468","52","52","52"
"469","49","49","49"
"470","47","47","47"
"471","59","59","59"
"472","28","28","28"
"473","60","60","60"
"474","26","26","26"
"475","55","55","55"
"476","59","59","59"
"477","51","51","51"
"478","47","47","47"
"479","80","80","80"
"480","65","65","65"
"481","38","38","38"
"482","64","64","64"
"483","54","54","54"
"484","82","82","82"
"485","60","60","60"
"486","58","58","58"
"487","23","23","23"
"488","60","60","60"
"489","31","31","31"
"490","31","31","31"
"491","50","50","50"
"492","12","12","12"
"493","37","37","37"
"494","48","48","48"
"495","41","41","41"
"496","50","50","50"
"497","76","76","76"
"498","60","60","60"
"499","73","73","73"
"500","46","46","46"
"501","47","47","47"
"502","35","35","35"
"503","54","54","54"
"504","32","32","32"
"505","49","49","49"
"506","62","62","62"
"507","29","29","29"
"508","50","50","50"
"509","62","62","62"
"510","64","64","64"
"511","48","48","48"
"512","38","38","38"
"513","67","67","67"
"514","45","45","45"
"515","52","52","52"
"516","42","42","42"
"517","50","50","50"
"518","44","44","44"
"519","63","63","63"
"520","61","61","61"
"521","54","54","54"
"522","68","68","68"
"523","37","37","37"
"524","54","54","54"
"525","43","43","43"
"526","50","50","50"
"527","59","59","59"
"528","49","49","49"
"529","28","28","28"
"530","39","39","39"
"531","44","44","44"
"532","68","68","68"
"533","44","44","44"
"534","46","46","46"
"535","49","49","49"
"536","33","33","33"
"537","21","21","21"
"538","56","56","56"
"539","33","33","33"
"540","56","56","56"
"541","79","79","79"
"542","43","43","43"
"543","67","67","67"
"544","61","61","61"
"545","77","77","77"
"546","51","51","51"
"547","54","54","54"
"548","51","51","51"
"549","53","53","53"
"550","55","55","55"
"551","56","56","56"
"552","64","64","64"
"553","52","52","52"
"554","57","57","57"
"555","63","63","63"
"556","40","40","40"
"557","57","57","57"
"558","74","74","74"
"559","93","93","93"
"560","57","57","57"
"561","55","55","55"
"562","51","51","51"
"563","48","48","48"
"564","48","48","48"
"565","39","39","39"
"566","59","59","59"
"567","59","59","59"
"568","51","51","51"
"569","49","49","49"
"570","45","45","45"
"571","62","62","62"
"572","45","45","45"
"573","47","47","47"
"574","55","55","55"
"575","32","32","32"
"576","14","14","14"
"577","34","34","34"
"578","50","50","50"
"579","57","57","57"
"580","63","63","63"
"581","58","58","58"
"582","47","47","47"
"583","45","45","45"
"584","39","39","39"
"585","69","69","69"
"586","45","45","45"
"587","27","27","27"
"588","33","33","33"
"589","72","72","72"
"590","56","56","56"
"591","49","49","49"
"592","36","36","36"
"593","49","49","49"
"594","26","26","26"
"595","22","22","22"
"596","30","30","30"
"597","39","39","39"
"598","32","32","32"
"599","48","48","48"
"600","25","25","25"
"601","53","53","53"
"602","43","43","43"
"603","36","36","36"
"604","36","36","36"
"605","36","36","36"
"606","46","46","46"
"607","53","53","53"
"608","28","28","28"
"609","64","64","64"
"610","64","64","64"
"611","43","43","43"
"612","50","50","50"
"613","26","26","26"
"614","40","40","40"
"615","34","34","34"
"616","46","46","46"
"617","70","70","70"
"618","29","29","29"
"619","51","51","51"
"620","42","42","42"
"621","20","20","20"
"622","50","50","50"
"623","83","83","83"
"624","32","32","32"
"625","79","79","79"
"626","49","49","49"
"627","41","41","41"
"628","52","52","52"
"629","81","81","81"
"630","46","46","46"
"631","39","39","39"
"632","37","37","37"
"633","52","52","52"
"634","42","42","42"
"635","57","57","57"
"636","49","49","49"
"637","37","37","37"
"638","46","46","46"
"639","32","32","32"
"640","40","40","40"
"641","36","36","36"
"642","27","27","27"
"643","28","28","28"
"644","32","32","32"
"645","65","65","65"
"646","44","44","44"
"647","22","22","22"
"648","60","60","60"
"649","51","51","51"
"650","43","43","43"
"651","55","55","55"
"652","48","48","48"
"653","57","57","57"
"654","75","75","75"
"655","44","44","44"
"656","30","30","30"
"657","29","29","29"
"658","43","43","43"
"659","51","51","51"
"660","51","51","51"
"661","43","43","43"
"662","15","15","15"
"663","59","59","59"
"664","83","83","83"
"665","21","21","21"
"666","29","29","29"
"667","28","28","28"
"668","61","61","61"
"669","61","61","61"
"670","39","39","39"
"671","43","43","43"
"672","46","46","46"
"673","65","65","65"
"674","46","46","46"
"675","48","48","48"
"676","45","45","45"
"677","46","46","46"
"678","27","27","27"
"679","46","46","46"
"680","62","62","62"
"681","80","80","80"
"682","66","66","66"
"683","56","56","56"
"684","51","51","51"
"685","22","22","22"
"686","43","43","43"
"687","38","38","38"
"688","67","67","67"
"689","26","26","26"
"690","29","29","29"
"691","27","27","27"
"692","51","51","51"
"693","55","55","55"
"694","30","30","30"
"695","64","64","64"
"696","49","49","49"
"697","28","28","28"
"698","48","48","48"
"699","27","27","27"
"700","61","61","61"
"701","25","25","25"
"702","33","33","33"
"703","53","53","53"
"704","72","72","72"
"705","60","60","60"
"706","20","20","20"
"707","30","30","30"
"708","19","19","19"
"709","42","42","42"
"710","42","42","42"
"711","24","24","24"
"712","44","44","44"
"713","44","44","44"
"714","33","33","33"
"715","13","13","13"
"716","22","22","22"
"717","33","33","33"
"718","34","34","34"
"719","43","43","43"
"720","29","29","29"
"721","37","37","37"
"722","42","42","42"
"723","38","38","38"
"724","63","63","63"
"725","46","46","46"
"726","38","38","38"
"727","53","53","53"
"728","30","30","30"
"729","33","33","33"
"730","50","50","50"
"731","29","29","29"
"732","66","66","66"
"733","29","29","29"
"734","62","62","62"
"735","42","42","42"
"736","29","29","29"
"737","47","47","47"
"738","48","48","48"
"739","75","75","75"
"740","54","54","54"
"741","80","80","80"
"742","30","30","30"
"743","22","22","22"
"744","60","60","60"
"745","29","29","29"
"746","46","46","46"
"747","41","41","41"
"748","82","82","82"
"749","46","46","46"
"750","57","57","57"
"751","22","22","22"
"752","38","38","38"
"753","62","62","62"
"754","48","48","48"
"755","45","45","45"
"756","45","45","45"
"757","18","18","18"
"758","15","15","15"
"759","50","50","50"
"760","56","56","56"
"761","37","37","37"
"762","39","39","39"
"763","39","39","39"
"764","47","47","47"
"765","51","51","51"
"766","73","73","73"
"767","37","37","37"
"768","41","41","41"
"769","35","35","35"
"770","51","51","51"
"771","44","44","44"
"772","60","60","60"
"773","48","48","48"
"774","65","65","65"
"775","44","44","44"
"776","49","49","49"
"777","50","50","50"
"778","26","26","26"
"779","35","35","35"
"780","54","54","54"
"781","33","33","33"
"782","43","43","43"
"783","37","37","37"
"784","51","51","51"
"785","56","56","56"
"786","52","52","52"
"787","35","35","35"
"788","54","54","54"
"789","68","68","68"
"790","71","71","71"
"791","36","36","36"
"792","43","43","43"
"793","24","24","24"
"794","23","23","23"
"795","42","42","42"
"796","51","51","51"
"797","18","18","18"
"798","52","52","52"
"799","63","63","63"
"800","27","27","27"
"801","47","47","47"
"802","43","43","43"
"803","59","59","59"
"804","35","35","35"
"805","35","35","35"
"806","32","32","32"
"807","51","51","51"
"808","25","25","25"
"809","36","36","36"
"810","27","27","27"
"811","45","45","45"
"812","24","24","24"
"813","45","45","45"
"814","60","60","60"
"815","24","24","24"
"816","28","28","28"
"817","34","34","34"
"818","59","59","59"
"819","35","35","35"
"820","32","32","32"
"821","22","22","22"
"822","58","58","58"
"823","48","48","48"
"824","62","62","62"
"825","29","29","29"
"826","53","53","53"
"827","36","36","36"
"828","26","26","26"
"829","49","49","49"
"830","30","30","30"
"831","29","29","29"
"832","29","29","29"
"833","35","35","35"
"834","23","23","23"
"835","20","20","20"
"836","16","16","16"
"837","50","50","50"
"838","34","34","34"
"839","48","48","48"
"840","33","33","33"
"841","53","53","53"
"842","56","56","56"
"843","32","32","32"
"844","21","21","21"
"845","33","33","33"
"846","52","52","52"
"847","48","48","48"
"848","40","40","40"
"849","38","38","38"
"850","21","21","21"
"851","38","38","38"
"852","46","46","46"
"853","55","55","55"
"854","49","49","49"
"855","57","57","57"
"856","39","39","39"
"857","34","34","34"
"858","44","44","44"
"859","28","28","28"
"860","45","45","45"
"861","44","44","44"
"862","33","33","33"
"863","30","30","30"
"864","45","45","45"
"865","38","38","38"
"866","9","9","9"
"867","32","32","32"
"868","35","35","35"
"869","36","36","36"
"870","23","23","23"
"871","51","51","51"
"872","56","56","56"
"873","40","40","40"
"874","61","61","61"
"875","15","15","15"
"876","22","22","22"
"877","38","38","38"
"878","16","16","16"
"879","63","63","63"
"880","47","47","47"
"881","25","25","25"
"882","49","49","49"
"883","36","36","36"
"884","17","17","17"
"885","59","59","59"
"886","51","51","51"
"887","20","20","20"
"888","42","42","42"
"889","42","42","42"
"890","13","13","13"
"891","45","45","45"
"892","36","36","36"
"893","45","45","45"
"894","15","15","15"
"895","38","38","38"
"896","49","49","49"
"897","46","46","46"
"898","35","35","35"
"899","27","27","27"
"900","25","25","25"
"901","18","18","18"
"902","34","34","34"
"903","50","50","50"
"904","31","31","31"
"905","45","45","45"
"906","37","37","37"
"907","23","23","23"
"908","50","50","50"
"909","73","73","73"
"910","20","20","20"
"911","25","25","25"
"912","39","39","39"
"913","34","34","34"
"914","25","25","25"
"915","53","53","53"
"916","42","42","42"
"917","17","17","17"
"918","43","43","43"
"919","67","67","67"
"920","27","27","27"
"921","48","48","48"
"922","17","17","17"
"923","30","30","30"
"924","28","28","28"
"925","27","27","27"
"926","21","21","21"
"927","17","17","17"
"928","48","48","48"
"929","25","25","25"
"930","34","34","34"
"931","45","45","45"
"932","21","21","21"
"933","59","59","59"
"934","21","21","21"
"935","20","20","20"
"936","52","52","52"
"937","28","28","28"
"938","40","40","40"
"939","36","36","36"
"940","15","15","15"
"941","39","39","39"
"942","30","30","30"
"943","43","43","43"
"944","44","44","44"
"945","42","42","42"
"946","43","43","43"
"947","11","11","11"
"948","57","57","57"
"949","40","40","40"
"950","44","44","44"
"951","30","30","30"
"952","16","16","16"
"953","30","30","30"
"954","65","65","65"
"955","57","57","57"
"956","50","50","50"
"957","28","28","28"
"958","21","21","21"
"959","22","22","22"
"960","35","35","35"
"961","15","15","15"
"962","25","25","25"
"963","36","36","36"
"964","29","29","29"
"965","15","15","15"
"966","37","37","37"
"967","16","16","16"
"968","36","36","36"
"969","15","15","15"
"970","17","17","17"
"971","49","49","49"
"972","25","25","25"
"973","38","38","38"
"974","40","40","40"
"975","22","22","22"
"976","35","35","35"
"977","39","39","39"
"978","35","35","35"
"979","39","39","39"
"980","31","31","31"
"981","17","17","17"
"982","35","35","35"
"983","26","26","26"
"984","44","44","44"
"985","36","36","36"
"986","41","41","41"
"987","27","27","27"
"988","40","40","40"
"989","34","34","34"
"990","37","37","37"
"991","57","57","57"
"992","52","52","52"
"993","31","31","31"
"994","45","45","45"
"995","47","47","47"
"996","33","33","33"
"997","50","50","50"
"998","55","55","55"
"999","41","41","41"
"1000","18","18","18"
"1001","38","38","38"
"1002","16","16","16"
"1003","31","31","31"
"1004","26","26","26"
"1005","20","20","20"
"1006","28","28","28"
"1007","28","28","28"
"1008","27","27","27"
"1009","28","28","28"
"1010","44","44","44"
"1011","36","36","36"
"1012","22","22","22"
"1013","38","38","38"
"1014","30","30","30"
"1015","11","11","11"
"1016","48","48","48"
"1017","42","42","42"
"1018","31","31","31"
"1019","29","29","29"
"1020","16","16","16"
"1021","51","51","51"
"1022","58","58","58"
"1023","35","35","35"
"1024","22","22","22"
"1025","29","29","29"
"1026","44","44","44"
"1027","34","34","34"
"1028","61","61","61"
"1029","17","17","17"
"1030","37","37","37"
"1031","31","31","31"
"1032","32","32","32"
"1033","17","17","17"
"1034","63","63","63"
"1035","31","31","31"
"1036","74","74","74"
"1037","13","13","13"
"1038","23","23","23"
"1039","25","25","25"
"1040","41","41","41"
"1041","70","70","70"
"1042","28","28","28"
"1043","20","20","20"
"1044","43","43","43"
"1045","24","24","24"
"1046","47","47","47"
"1047","49","49","49"
"1048","30","30","30"
"1049","12","12","12"
"1050","22","22","22"
"1051","17","17","17"
"1052","50","50","50"
"1053","30","30","30"
"1054","41","41","41"
"1055","49","49","49"
"1056","33","33","33"
"1057","16","16","16"
"1058","38","38","38"
"1059","22","22","22"
"1060","44","44","44"
"1061","30","30","30"
"1062","44","44","44"
"1063","21","21","21"
"1064","41","41","41"
"1065","25","25","25"
"1066","46","46","46"
"1067","26","26","26"
"1068","19","19","19"
"1069","15","15","15"
"1070","31","31","31"
"1071","23","23","23"
"1072","39","39","39"
"1073","16","16","16"
"1074","39","39","39"
"1075","51","51","51"
"1076","40","40","40"
"1077","48","48","48"
"1078","23","23","23"
"1079","23","23","23"
"1080","18","18","18"
"1081","24","24","24"
"1082","40","40","40"
"1083","63","63","63"
"1084","53","53","53"
"1085","46","46","46"
"1086","39","39","39"
"1087","33","33","33"
"1088","20","20","20"
"1089","29","29","29"
"1090","43","43","43"
"1091","13","13","13"
"1092","44","44","44"
"1093","53","53","53"
"1094","26","26","26"
"1095","31","31","31"
"1096","50","50","50"
"1097","47","47","47"
"1098","32","32","32"
"1099","33","33","33"
"1100","23","23","23"
"1101","31","31","31"
"1102","40","40","40"
"1103","32","32","32"
"1104","43","43","43"
"1105","35","35","35"
"1106","17","17","17"
"1107","47","47","47"
"1108","29","29","29"
"1109","46","46","46"
"1110","43","43","43"
"1111","43","43","43"
"1112","24","24","24"
"1113","32","32","32"
"1114","38","38","38"
"1115","38","38","38"
"1116","38","38","38"
"1117","38","38","38"
"1118","32","32","32"
"1119","28","28","28"
"1120","60","60","60"
"1121","35","35","35"
"1122","31","31","31"
"1123","20","20","20"
"1124","13","13","13"
"1125","51","51","51"
"1126","18","18","18"
"1127","46","46","46"
"1128","24","24","24"
"1129","43","43","43"
"1130","15","15","15"
"1131","29","29","29"
"1132","34","34","34"
"1133","28","28","28"
"1134","20","20","20"
"1135","26","26","26"
"1136","51","51","51"
"1137","35","35","35"
"1138","60","60","60"
"1139","20","20","20"
"1140","36","36","36"
"1141","25","25","25"
"1142","19","19","19"
"1143","32","32","32"
"1144","17","17","17"
"1145","6","6","6"
"1146","26","26","26"
"1147","14","14","14"
"1148","26","26","26"
"1149","29","29","29"
"1150","47","47","47"
"1151","34","34","34"
"1152","34","34","34"
"1153","16","16","16"
"1154","45","45","45"
"1155","55","55","55"
"1156","34","34","34"
"1157","66","66","66"
"1158","36","36","36"
"1159","34","34","34"
"1160","41","41","41"
"1161","26","26","26"
"1162","27","27","27"
"1163","39","39","39"
"1164","26","26","26"
"1165","31","31","31"
"1166","36","36","36"
"1167","44","44","44"
"1168","23","23","23"
"1169","41","41","41"
"1170","35","35","35"
"1171","22","22","22"
"1172","19","19","19"
"1173","14","14","14"
"1174","4","4","4"
"1175","22","22","22"
"1176","41","41","41"
"1177","52","52","52"
"1178","11","11","11"
"1179","8","8","8"
"1180","45","45","45"
"1181","34","34","34"
"1182","25","25","25"
"1183","36","36","36"
"1184","33","33","33"
"1185","43","43","43"
"1186","28","28","28"
"1187","37","37","37"
"1188","49","49","49"
"1189","45","45","45"
"1190","32","32","32"
"1191","69","69","69"
"1192","25","25","25"
"1193","26","26","26"
"1194","44","44","44"
"1195","18","18","18"
"1196","40","40","40"
"1197","26","26","26"
"1198","27","27","27"
"1199","27","27","27"
"1200","38","38","38"
"1201","56","56","56"
"1202","37","37","37"
"1203","41","41","41"
"1204","35","35","35"
"1205","31","31","31"
"1206","42","42","42"
"1207","35","35","35"
"1208","60","60","60"
"1209","22","22","22"
"1210","15","15","15"
"1211","34","34","34"
"1212","36","36","36"
"1213","34","34","34"
"1214","25","25","25"
"1215","19","19","19"
"1216","18","18","18"
"1217","24","24","24"
"1218","25","25","25"
"1219","29","29","29"
"1220","48","48","48"
"1221","40","40","40"
"1222","19","19","19"
"1223","27","27","27"
"1224","28","28","28"
"1225","31","31","31"
"1226","48","48","48"
"1227","22","22","22"
"1228","36","36","36"
"1229","24","24","24"
"1230","48","48","48"
"1231","31","31","31"
"1232","36","36","36"
"1233","9","9","9"
"1234","46","46","46"
"1235","39","39","39"
"1236","31","31","31"
"1237","11","11","11"
"1238","26","26","26"
"1239","33","33","33"
"1240","24","24","24"
"1241","24","24","24"
"1242","31","31","31"
"1243","31","31","31"
"1244","29","29","29"
"1245","49","49","49"
"1246","21","21","21"
"1247","40","40","40"
"1248","36","36","36"
"1249","11","11","11"
"1250","30","30","30"
"1251","30","30","30"
"1252","16","16","16"
"1253","13","13","13"
"1254","22","22","22"
"1255","24","24","24"
"1256","40","40","40"
"1257","35","35","35"
"1258","34","34","34"
"1259","31","31","31"
"1260","30","30","30"
"1261","16","16","16"
"1262","24","24","24"
"1263","23","23","23"
"1264","33","33","33"
"1265","28","28","28"
"1266","30","30","30"
"1267","36","36","36"
"1268","17","17","17"
"1269","37","37","37"
"1270","53","53","53"
"1271","33","33","33"
"1272","26","26","26"
"1273","34","34","34"
"1274","36","36","36"
"1275","30","30","30"
"1276","19","19","19"
"1277","29","29","29"
"1278","22","22","22"
"1279","21","21","21"
"1280","35","35","35"
"1281","39","39","39"
"1282","31","31","31"
"1283","25","25","25"
"1284","24","24","24"
"1285","22","22","22"
"1286","44","44","44"
"1287","20","20","20"
"1288","31","31","31"
"1289","32","32","32"
"1290","42","42","42"
"1291","19","19","19"
"1292","52","52","52"
"1293","26","26","26"
"1294","46","46","46"
"1295","38","38","38"
"1296","26","26","26"
"1297","15","15","15"
"1298","15","15","15"
"1299","14","14","14"
"1300","40","40","40"
"1301","24","24","24"
"1302","23","23","23"
"1303","37","37","37"
"1304","15","15","15"
"1305","40","40","40"
"1306","31","31","31"
"1307","19","19","19"
"1308","21","21","21"
"1309","27","27","27"
"1310","12","12","12"
"1311","20","20","20"
"1312","30","30","30"
"1313","52","52","52"
"1314","21","21","21"
"1315","19","19","19"
"1316","36","36","36"
"1317","22","22","22"
"1318","50","50","50"
"1319","32","32","32"
"1320","39","39","39"
"1321","27","27","27"
"1322","24","24","24"
"1323","32","32","32"
"1324","38","38","38"
"1325","21","21","21"
"1326","45","45","45"
"1327","32","32","32"
"1328","49","49","49"
"1329","28","28","28"
"1330","35","35","35"
"1331","41","41","41"
"1332","16","16","16"
"1333","29","29","29"
"1334","13","13","13"
"1335","21","21","21"
"1336","27","27","27"
"1337","16","16","16"
"1338","38","38","38"
"1339","24","24","24"
"1340","22","22","22"
"1341","40","40","40"
"1342","11","11","11"
"1343","16","16","16"
"1344","42","42","42"
"1345","28","28","28"
"1346","18","18","18"
"1347","21","21","21"
"1348","31","31","31"
"1349","35","35","35"
"1350","16","16","16"
"1351","33","33","33"
"1352","20","20","20"
"1353","15","15","15"
"1354","38","38","38"
"1355","23","23","23"
"1356","18","18","18"
"1357","38","38","38"
"1358","39","39","39"
"1359","13","13","13"
"1360","33","33","33"
"1361","47","47","47"
"1362","13","13","13"
"1363","26","26","26"
"1364","27","27","27"
"1365","26","26","26"
"1366","20","20","20"
"1367","49","49","49"
"1368","45","45","45"
"1369","51","51","51"
"1370","35","35","35"
"1371","42","42","42"
"1372","57","57","57"
"1373","19","19","19"
"1374","23","23","23"
"1375","50","50","50"
"1376","53","53","53"
"1377","26","26","26"
"1378","26","26","26"
"1379","16","16","16"
"1380","33","33","33"
"1381","42","42","42"
"1382","30","30","30"
"1383","27","27","27"
"1384","41","41","41"
"1385","32","32","32"
"1386","54","54","54"
"1387","5","5","5"
"1388","33","33","33"
"1389","22","22","22"
"1390","35","35","35"
"1391","30","30","30"
"1392","30","30","30"
"1393","18","18","18"
"1394","37","37","37"
"1395","27","27","27"
"1396","13","13","13"
"1397","47","47","47"
"1398","30","30","30"
"1399","36","36","36"
"1400","29","29","29"
"1401","12","12","12"
"1402","23","23","23"
"1403","17","17","17"
"1404","23","23","23"
"1405","47","47","47"
"1406","29","29","29"
"1407","47","47","47"
"1408","31","31","31"
"1409","31","31","31"
"1410","12","12","12"
"1411","50","50","50"
"1412","24","24","24"
"1413","44","44","44"
"1414","12","12","12"
"1415","16","16","16"
"1416","20","20","20"
"1417","22","22","22"
"1418","27","27","27"
"1419","27","27","27"
"1420","23","23","23"
"1421","24","24","24"
"1422","48","48","48"
"1423","39","39","39"
"1424","20","20","20"
"1425","37","37","37"
"1426","22","22","22"
"1427","25","25","25"
"1428","38","38","38"
"1429","22","22","22"
"1430","22","22","22"
"1431","17","17","17"
"1432","19","19","19"
"1433","52","52","52"
"1434","34","34","34"
"1435","2","2","2"
"1436","18","18","18"
"1437","26","26","26"
"1438","31","31","31"
"1439","35","35","35"
"1440","20","20","20"
"1441","52","52","52"
"1442","21","21","21"
"1443","25","25","25"
"1444","30","30","30"
"1445","40","40","40"
"1446","26","26","26"
"1447","37","37","37"
"1448","46","46","46"
"1449","23","23","23"
"1450","37","37","37"
"1451","25","25","25"
"1452","23","23","23"
"1453","17","17","17"
"1454","23","23","23"
"1455","31","31","31"
"1456","25","25","25"
"1457","9","9","9"
"1458","38","38","38"
"1459","30","30","30"
"1460","47","47","47"
"1461","18","18","18"
"1462","28","28","28"
"1463","27","27","27"
"1464","12","12","12"
"1465","36","36","36"
"1466","19","19","19"
"1467","20","20","20"
"1468","22","22","22"
"1469","30","30","30"
"1470","44","44","44"
"1471","31","31","31"
"1472","24","24","24"
"1473","22","22","22"
"1474","10","10","10"
"1475","9","9","9"
"1476","28","28","28"
"1477","45","45","45"
"1478","21","21","21"
"1479","19","19","19"
"1480","38","38","38"
"1481","37","37","37"
"1482","39","39","39"
"1483","45","45","45"
"1484","37","37","37"
"1485","6","6","6"
"1486","39","39","39"
"1487","10","10","10"
"1488","46","46","46"
"1489","9","9","9"
"1490","59","59","59"
"1491","25","25","25"
"1492","27","27","27"
"1493","47","47","47"
"1494","13","13","13"
"1495","29","29","29"
"1496","34","34","34"
"1497","34","34","34"
"1498","28","28","28"
"1499","28","28","28"
"1500","20","20","20"
"1501","21","21","21"
"1502","25","25","25"
"1503","10","10","10"
"1504","31","31","31"
"1505","56","56","56"
"1506","45","45","45"
"1507","18","18","18"
"1508","16","16","16"
"1509","37","37","37"
"1510","25","25","25"
"1511","21","21","21"
"1512","18","18","18"
"1513","23","23","23"
"1514","35","35","35"
"1515","32","32","32"
"1516","33","33","33"
"1517","17","17","17"
"1518","31","31","31"
"1519","24","24","24"
"1520","20","20","20"
"1521","30","30","30"
"1522","39","39","39"
"1523","25","25","25"
"1524","33","33","33"
"1525","39","39","39"
"1526","37","37","37"
"1527","26","26","26"
"1528","10","10","10"
"1529","39","39","39"
"1530","24","24","24"
"1531","25","25","25"
"1532","36","36","36"
"1533","20","20","20"
"1534","21","21","21"
"1535","18","18","18"
"1536","36","36","36"
"1537","10","10","10"
"1538","24","24","24"
"1539","20","20","20"
"1540","30","30","30"
"1541","16","16","16"
"1542","41","41","41"
"1543","29","29","29"
"1544","21","21","21"
"1545","25","25","25"
"1546","36","36","36"
"1547","49","49","49"
"1548","21","21","21"
"1549","44","44","44"
"1550","49","49","49"
"1551","29","29","29"
"1552","32","32","32"
"1553","22","22","22"
"1554","10","10","10"
"1555","31","31","31"
"1556","19","19","19"
"1557","40","40","40"
"1558","16","16","16"
"1559","19","19","19"
"1560","29","29","29"
"1561","25","25","25"
"1562","43","43","43"
"1563","20","20","20"
"1564","25","25","25"
"1565","12","12","12"
"1566","24","24","24"
"1567","34","34","34"
"1568","40","40","40"
"1569","25","25","25"
"1570","20","20","20"
"1571","20","20","20"
"1572","13","13","13"
"1573","24","24","24"
"1574","13","13","13"
"1575","46","46","46"
"1576","22","22","22"
"1577","21","21","21"
"1578","33","33","33"
"1579","37","37","37"
"1580","18","18","18"
"1581","28","28","28"
"1582","50","50","50"
"1583","21","21","21"
"1584","23","23","23"
"1585","20","20","20"
"1586","20","20","20"
"1587","30","30","30"
"1588","26","26","26"
"1589","33","33","33"
"1590","30","30","30"
"1591","18","18","18"
"1592","27","27","27"
"1593","20","20","20"
"1594","21","21","21"
"1595","29","29","29"
"1596","19","19","19"
"1597","13","13","13"
"1598","37","37","37"
"1599","25","25","25"
"1600","9","9","9"
"1601","5","5","5"
"1602","25","25","25"
"1603","25","25","25"
"1604","21","21","21"
"1605","20","20","20"
"1606","19","19","19"
"1607","23","23","23"
"1608","36","36","36"
"1609","31","31","31"
"1610","38","38","38"
"1611","41","41","41"
"1612","41","41","41"
"1613","42","42","42"
"1614","15","15","15"
"1615","21","21","21"
"1616","26","26","26"
"1617","9","9","9"
"1618","35","35","35"
"1619","29","29","29"
"1620","38","38","38"
"1621","48","48","48"
"1622","35","35","35"
"1623","23","23","23"
"1624","18","18","18"
"1625","24","24","24"
"1626","17","17","17"
"1627","15","15","15"
"1628","48","48","48"
"1629","27","27","27"
"1630","40","40","40"
"1631","29","29","29"
"1632","40","40","40"
"1633","25","25","25"
"1634","25","25","25"
"1635","25","25","25"
"1636","11","11","11"
"1637","24","24","24"
"1638","30","30","30"
"1639","24","24","24"
"1640","19","19","19"
"1641","32","32","32"
"1642","9","9","9"
"1643","23","23","23"
"1644","28","28","28"
"1645","34","34","34"
"1646","42","42","42"
"1647","31","31","31"
"1648","24","24","24"
"1649","45","45","45"
"1650","7","7","7"
"1651","18","18","18"
"1652","32","32","32"
"1653","11","11","11"
"1654","24","24","24"
"1655","35","35","35"
"1656","29","29","29"
"1657","28","28","28"
"1658","27","27","27"
"1659","38","38","38"
"1660","31","31","31"
"1661","42","42","42"
"1662","22","22","22"
"1663","31","31","31"
"1664","19","19","19"
"1665","34","34","34"
"1666","11","11","11"
"1667","14","14","14"
"1668","25","25","25"
"1669","41","41","41"
"1670","33","33","33"
"1671","25","25","25"
"1672","23","23","23"
"1673","34","34","34"
"1674","23","23","23"
"1675","12","12","12"
"1676","40","40","40"
"1677","15","15","15"
"1678","18","18","18"
"1679","30","30","30"
"1680","13","13","13"
"1681","14","14","14"
"1682","24","24","24"
"1683","12","12","12"
"1684","26","26","26"
"1685","19","19","19"
"1686","17","17","17"
"1687","22","22","22"
"1688","19","19","19"
"1689","28","28","28"
"1690","33","33","33"
"1691","28","28","28"
"1692","29","29","29"
"1693","44","44","44"
"1694","14","14","14"
"1695","30","30","30"
"1696","7","7","7"
"1697","33","33","33"
"1698","13","13","13"
"1699","23","23","23"
"1700","26","26","26"
"1701","24","24","24"
"1702","34","34","34"
"1703","47","47","47"
"1704","25","25","25"
"1705","38","38","38"
"1706","36","36","36"
"1707","19","19","19"
"1708","30","30","30"
"1709","38","38","38"
"1710","21","21","21"
"1711","15","15","15"
"1712","22","22","22"
"1713","19","19","19"
"1714","41","41","41"
"1715","20","20","20"
"1716","2","2","2"
"1717","22","22","22"
"1718","35","35","35"
"1719","39","39","39"
"1720","30","30","30"
"1721","27","27","27"
"1722","17","17","17"
"1723","55","55","55"
"1724","30","30","30"
"1725","11","11","11"
"1726","17","17","17"
"1727","14","14","14"
"1728","57","57","57"
"1729","19","19","19"
"1730","30","30","30"
"1731","6","6","6"
"1732","22","22","22"
"1733","26","26","26"
"1734","33","33","33"
"1735","31","31","31"
"1736","15","15","15"
"1737","10","10","10"
"1738","30","30","30"
"1739","31","31","31"
"1740","13","13","13"
"1741","24","24","24"
"1742","11","11","11"
"1743","26","26","26"
"1744","8","8","8"
"1745","49","49","49"
"1746","16","16","16"
"1747","14","14","14"
"1748","21","21","21"
"1749","34","34","34"
"1750","33","33","33"
"1751","19","19","19"
"1752","16","16","16"
"1753","35","35","35"
"1754","26","26","26"
"1755","18","18","18"
"1756","31","31","31"
"1757","38","38","38"
"1758","21","21","21"
"1759","17","17","17"
"1760","20","20","20"
"1761","22","22","22"
"1762","28","28","28"
"1763","23","23","23"
"1764","4","4","4"
"1765","28","28","28"
"1766","57","57","57"
"1767","24","24","24"
"1768","30","30","30"
"1769","18","18","18"
"1770","21","21","21"
"1771","22","22","22"
"1772","8","8","8"
"1773","28","28","28"
"1774","14","14","14"
"1775","20","20","20"
"1776","23","23","23"
"1777","13","13","13"
"1778","28","28","28"
"1779","25","25","25"
"1780","22","22","22"
"1781","45","45","45"
"1782","18","18","18"
"1783","33","33","33"
"1784","32","32","32"
"1785","22","22","22"
"1786","12","12","12"
"1787","25","25","25"
"1788","6","6","6"
"1789","33","33","33"
"1790","20","20","20"
"1791","39","39","39"
"1792","33","33","33"
"1793","22","22","22"
"1794","10","10","10"
"1795","23","23","23"
"1796","23","23","23"
"1797","27","27","27"
"1798","23","23","23"
"1799","22","22","22"
"1800","11","11","11"
"1801","19","19","19"
"1802","29","29","29"
"1803","29","29","29"
"1804","22","22","22"
"1805","36","36","36"
"1806","46","46","46"
"1807","15","15","15"
"1808","31","31","31"
"1809","51","51","51"
"1810","31","31","31"
"1811","18","18","18"
"1812","12","12","12"
"1813","36","36","36"
"1814","16","16","16"
"1815","6","6","6"
"1816","45","45","45"
"1817","19","19","19"
"1818","32","32","32"
"1819","32","32","32"
"1820","2","2","2"
"1821","14","14","14"
"1822","21","21","21"
"1823","28","28","28"
"1824","27","27","27"
"1825","37","37","37"
"1826","36","36","36"
"1827","36","36","36"
"1828","24","24","24"
"1829","22","22","22"
"1830","23","23","23"
"1831","21","21","21"
"1832","4","4","4"
"1833","19","19","19"
"1834","45","45","45"
"1835","36","36","36"
"1836","5","5","5"
"1837","12","12","12"
"1838","32","32","32"
"1839","7","7","7"
"1840","31","31","31"
"1841","1","1","1"
"1842","27","27","27"
"1843","24","24","24"
"1844","7","7","7"
"1845","30","30","30"
"1846","13","13","13"
"1847","25","25","25"
"1848","24","24","24"
"1849","39","39","39"
"1850","21","21","21"
"1851","39","39","39"
"1852","53","53","53"
"1853","24","24","24"
"1854","19","19","19"
"1855","21","21","21"
"1856","6","6","6"
"1857","37","37","37"
"1858","22","22","22"
"1859","18","18","18"
"1860","10","10","10"
"1861","27","27","27"
"1862","25","25","25"
"1863","31","31","31"
"1864","8","8","8"
"1865","39","39","39"
"1866","13","13","13"
"1867","18","18","18"
"1868","22","22","22"
"1869","18","18","18"
"1870","15","15","15"
"1871","33","33","33"
"1872","25","25","25"
"1873","38","38","38"
"1874","27","27","27"
"1875","10","10","10"
"1876","26","26","26"
"1877","9","9","9"
"1878","17","17","17"
"1879","9","9","9"
"1880","20","20","20"
"1881","21","21","21"
"1882","16","16","16"
"1883","33","33","33"
"1884","30","30","30"
"1885","13","13","13"
"1886","18","18","18"
"1887","26","26","26"
"1888","34","34","34"
"1889","24","24","24"
"1890","30","30","30"
"1891","33","33","33"
"1892","39","39","39"
"1893","3","3","3"
"1894","23","23","23"
"1895","24","24","24"
"1896","18","18","18"
"1897","14","14","14"
"1898","23","23","23"
"1899","4","4","4"
"1900","24","24","24"
"1901","16","16","16"
"1902","34","34","34"
"1903","23","23","23"
"1904","22","22","22"
"1905","24","24","24"
"1906","12","12","12"
"1907","46","46","46"
"1908","15","15","15"
"1909","13","13","13"
"1910","22","22","22"
"1911","54","54","54"
"1912","16","16","16"
"1913","16","16","16"
"1914","17","17","17"
"1915","10","10","10"
"1916","3","3","3"
"1917","22","22","22"
"1918","20","20","20"
"1919","24","24","24"
"1920","30","30","30"
"1921","32","32","32"
"1922","14","14","14"
"1923","15","15","15"
"1924","39","39","39"
"1925","25","25","25"
"1926","29","29","29"
"1927","13","13","13"
"1928","41","41","41"
"1929","38","38","38"
"1930","26","26","26"
"1931","15","15","15"
"1932","8","8","8"
"1933","16","16","16"
"1934","17","17","17"
"1935","20","20","20"
"1936","27","27","27"
"1937","25","25","25"
"1938","35","35","35"
"1939","37","37","37"
"1940","26","26","26"
"1941","13","13","13"
"1942","29","29","29"
"1943","24","24","24"
"1944","25","25","25"
"1945","29","29","29"
"1946","28","28","28"
"1947","38","38","38"
"1948","35","35","35"
"1949","33","33","33"
"1950","33","33","33"
"1951","35","35","35"
"1952","33","33","33"
"1953","39","39","39"
"1954","36","36","36"
"1955","35","35","35"
"1956","44","44","44"
"1957","17","17","17"
"1958","43","43","43"
"1959","40","40","40"
"1960","18","18","18"
"1961","21","21","21"
"1962","23","23","23"
"1963","28","28","28"
"1964","32","32","32"
"1965","33","33","33"
"1966","26","26","26"
"1967","37","37","37"
"1968","41","41","41"
"1969","22","22","22"
"1970","23","23","23"
"1971","33","33","33"
"1972","14","14","14"
"1973","38","38","38"
"1974","21","21","21"
"1975","25","25","25"
"1976","25","25","25"
"1977","18","18","18"
"1978","17","17","17"
"1979","10","10","10"
"1980","38","38","38"
"1981","34","34","34"
"1982","25","25","25"
"1983","25","25","25"
"1984","31","31","31"
"1985","25","25","25"
"1986","19","19","19"
"1987","22","22","22"
"1988","15","15","15"
"1989","23","23","23"
"1990","44","44","44"
"1991","32","32","32"
"1992","36","36","36"
"1993","22","22","22"
"1994","29","29","29"
"1995","28","28","28"
"1996","16","16","16"
"1997","15","15","15"
"1998","29","29","29"
"1999","26","26","26"
"2000","8","8","8"
"2001","46","46","46"
"2002","34","34","34"
"2003","21","21","21"
"2004","13","13","13"
"2005","29","29","29"
"2006","18","18","18"
"2007","22","22","22"
"2008","26","26","26"
"2009","26","26","26"
"2010","5","5","5"
"2011","28","28","28"
"2012","25","25","25"
"2013","2","2","2"
"2014","28","28","28"
"2015","40","40","40"
"2016","29","29","29"
"2017","19","19","19"
"2018","24","24","24"
"2019","25","25","25"
"2020","42","42","42"
"2021","18","18","18"
"2022","22","22","22"
"2023","28","28","28"
"2024","17","17","17"
"2025","14","14","14"
"2026","23","23","23"
"2027","25","25","25"
"2028","31","31","31"
"2029","35","35","35"
"2030","34","34","34"
"2031","30","30","30"
"2032","19","19","19"
"2033","25","25","25"
"2034","24","24","24"
"2035","32","32","32"
"2036","41","41","41"
"2037","41","41","41"
"2038","11","11","11"
"2039","18","18","18"
"2040","35","35","35"
"2041","21","21","21"
"2042","20","20","20"
"2043","22","22","22"
"2044","31","31","31"
"2045","6","6","6"
"2046","57","57","57"
"2047","36","36","36"
"2048","28","28","28"
"2049","35","35","35"
"2050","13","13","13"
"2051","14","14","14"
"2052","20","20","20"
"2053","31","31","31"
"2054","18","18","18"
"2055","33","33","33"
"2056","21","21","21"
"2057","26","26","26"
"2058","22","22","22"
"2059","21","21","21"
"2060","48","48","48"
"2061","11","11","11"
"2062","9","9","9"
"2063","16","16","16"
"2064","18","18","18"
"2065","8","8","8"
"2066","32","32","32"
"2067","22","22","22"
"2068","24","24","24"
"2069","11","11","11"
"2070","31","31","31"
"2071","34","34","34"
"2072","22","22","22"
"2073","10","10","10"
"2074","23","23","23"
"2075","7","7","7"
"2076","17","17","17"
"2077","18","18","18"
"2078","17","17","17"
"2079","7","7","7"
"2080","14","14","14"
"2081","37","37","37"
"2082","22","22","22"
"2083","25","25","25"
"2084","39","39","39"
"2085","19","19","19"
"2086","7","7","7"
"2087","23","23","23"
"2088","14","14","14"
"2089","24","24","24"
"2090","34","34","34"
"2091","26","26","26"
"2092","20","20","20"
"2093","26","26","26"
"2094","29","29","29"
"2095","26","26","26"
"2096","39","39","39"
"2097","20","20","20"
"2098","12","12","12"
"2099","51","51","51"
"2100","14","14","14"
"2101","14","14","14"
"2102","16","16","16"
"2103","21","21","21"
"2104","18","18","18"
"2105","25","25","25"
"2106","22","22","22"
"2107","19","19","19"
"2108","33","33","33"
"2109","22","22","22"
"2110","28","28","28"
"2111","42","42","42"
"2112","18","18","18"
"2113","20","20","20"
"2114","29","29","29"
"2115","21","21","21"
"2116","23","23","23"
"2117","19","19","19"
"2118","19","19","19"
"2119","24","24","24"
"2120","23","23","23"
"2121","29","29","29"
"2122","27","27","27"
"2123","25","25","25"
"2124","13","13","13"
"2125","16","16","16"
"2126","14","14","14"
"2127","17","17","17"
"2128","17","17","17"
"2129","21","21","21"
"2130","19","19","19"
"2131","32","32","32"
"2132","21","21","21"
"2133","50","50","50"
"2134","19","19","19"
"2135","25","25","25"
"2136","27","27","27"
"2137","27","27","27"
"2138","29","29","29"
"2139","43","43","43"
"2140","13","13","13"
"2141","32","32","32"
"2142","16","16","16"
"2143","31","31","31"
"2144","40","40","40"
"2145","11","11","11"
"2146","18","18","18"
"2147","15","15","15"
"2148","16","16","16"
"2149","22","22","22"
"2150","29","29","29"
"2151","40","40","40"
"2152","2","2","2"
"2153","13","13","13"
"2154","8","8","8"
"2155","19","19","19"
"2156","6","6","6"
"2157","17","17","17"
"2158","25","25","25"
"2159","19","19","19"
"2160","18","18","18"
"2161","30","30","30"
"2162","14","14","14"
"2163","49","49","49"
"2164","12","12","12"
"2165","19","19","19"
"2166","24","24","24"
"2167","24","24","24"
"2168","5","5","5"
"2169","34","34","34"
"2170","36","36","36"
"2171","26","26","26"
"2172","24","24","24"
"2173","36","36","36"
"2174","30","30","30"
"2175","44","44","44"
"2176","29","29","29"
"2177","33","33","33"
"2178","14","14","14"
"2179","8","8","8"
"2180","15","15","15"
"2181","30","30","30"
"2182","7","7","7"
"2183","21","21","21"
"2184","15","15","15"
"2185","24","24","24"
"2186","28","28","28"
"2187","32","32","32"
"2188","15","15","15"
"2189","9","9","9"
"2190","20","20","20"
"2191","34","34","34"
"2192","13","13","13"
"2193","9","9","9"
"2194","46","46","46"
"2195","25","25","25"
"2196","15","15","15"
"2197","34","34","34"
"2198","18","18","18"
"2199","8","8","8"
"2200","16","16","16"
"2201","19","19","19"
"2202","27","27","27"
"2203","24","24","24"
"2204","28","28","28"
"2205","31","31","31"
"2206","13","13","13"
"2207","17","17","17"
"2208","20","20","20"
"2209","13","13","13"
"2210","27","27","27"
"2211","22","22","22"
"2212","14","14","14"
"2213","13","13","13"
"2214","23","23","23"
"2215","18","18","18"
"2216","28","28","28"
"2217","8","8","8"
"2218","27","27","27"
"2219","14","14","14"
"2220","15","15","15"
"2221","27","27","27"
"2222","16","16","16"
"2223","33","33","33"
"2224","14","14","14"
"2225","18","18","18"
"2226","32","32","32"
"2227","16","16","16"
"2228","29","29","29"
"2229","18","18","18"
"2230","32","32","32"
"2231","15","15","15"
"2232","35","35","35"
"2233","24","24","24"
"2234","19","19","19"
"2235","21","21","21"
"2236","36","36","36"
"2237","9","9","9"
"2238","14","14","14"
"2239","35","35","35"
"2240","11","11","11"
"2241","34","34","34"
"2242","32","32","32"
"2243","29","29","29"
"2244","59","59","59"
"2245","27","27","27"
"2246","34","34","34"
"2247","19","19","19"
"2248","18","18","18"
"2249","20","20","20"
"2250","26","26","26"
"2251","7","7","7"
"2252","12","12","12"
"2253","23","23","23"
"2254","28","28","28"
"2255","31","31","31"
"2256","14","14","14"
"2257","26","26","26"
"2258","6","6","6"
"2259","33","33","33"
"2260","16","16","16"
"2261","24","24","24"
"2262","4","4","4"
"2263","29","29","29"
"2264","12","12","12"
"2265","14","14","14"
"2266","55","55","55"
"2267","23","23","23"
"2268","27","27","27"
"2269","32","32","32"
"2270","9","9","9"
"2271","34","34","34"
"2272","11","11","11"
"2273","22","22","22"
"2274","39","39","39"
"2275","21","21","21"
"2276","20","20","20"
"2277","34","34","34"
"2278","19","19","19"
"2279","29","29","29"
"2280","22","22","22"
"2281","34","34","34"
"2282","49","49","49"
"2283","31","31","31"
"2284","19","19","19"
"2285","26","26","26"
"2286","10","10","10"
"2287","39","39","39"
"2288","7","7","7"
"2289","18","18","18"
"2290","12","12","12"
"2291","17","17","17"
"2292","6","6","6"
"2293","45","45","45"
"2294","1","1","1"
"2295","30","30","30"
"2296","13","13","13"
"2297","35","35","35"
"2298","17","17","17"
"2299","14","14","14"
"2300","13","13","13"
"2301","37","37","37"
"2302","27","27","27"
"2303","34","34","34"
"2304","17","17","17"
"2305","38","38","38"
"2306","23","23","23"
"2307","21","21","21"
"2308","21","21","21"
"2309","47","47","47"
"2310","49","49","49"
"2311","24","24","24"
"2312","24","24","24"
"2313","21","21","21"
"2314","42","42","42"
"2315","19","19","19"
"2316","41","41","41"
"2317","26","26","26"
"2318","35","35","35"
"2319","21","21","21"
"2320","43","43","43"
"2321","35","35","35"
"2322","7","7","7"
"2323","13","13","13"
"2324","13","13","13"
"2325","33","33","33"
"2326","15","15","15"
"2327","14","14","14"
"2328","6","6","6"
"2329","29","29","29"
"2330","32","32","32"
"2331","48","48","48"
"2332","27","27","27"
"2333","40","40","40"
"2334","11","11","11"
"2335","14","14","14"
"2336","24","24","24"
"2337","16","16","16"
"2338","12","12","12"
"2339","31","31","31"
"2340","16","16","16"
"2341","15","15","15"
"2342","15","15","15"
"2343","53","53","53"
"2344","28","28","28"
"2345","16","16","16"
"2346","43","43","43"
"2347","21","21","21"
"2348","26","26","26"
"2349","9","9","9"
"2350","40","40","40"
"2351","17","17","17"
"2352","10","10","10"
"2353","12","12","12"
"2354","9","9","9"
"2355","4","4","4"
"2356","28","28","28"
"2357","30","30","30"
"2358","29","29","29"
"2359","20","20","20"
"2360","30","30","30"
"2361","19","19","19"
"2362","22","22","22"
"2363","20","20","20"
"2364","30","30","30"
"2365","24","24","24"
"2366","22","22","22"
"2367","26","26","26"
"2368","4","4","4"
"2369","26","26","26"
"2370","16","16","16"
"2371","20","20","20"
"2372","14","14","14"
"2373","29","29","29"
"2374","9","9","9"
"2375","20","20","20"
"2376","58","58","58"
"2377","11","11","11"
"2378","19","19","19"
"2379","42","42","42"
"2380","29","29","29"
"2381","31","31","31"
"2382","19","19","19"
"2383","16","16","16"
"2384","6","6","6"
"2385","10","10","10"
"2386","24","24","24"
"2387","39","39","39"
"2388","17","17","17"
"2389","39","39","39"
"2390","30","30","30"
"2391","29","29","29"
"2392","25","25","25"
"2393","18","18","18"
"2394","17","17","17"
"2395","6","6","6"
"2396","28","28","28"
"2397","13","13","13"
"2398","8","8","8"
"2399","43","43","43"
"2400","21","21","21"
"2401","10","10","10"
"2402","4","4","4"
"2403","20","20","20"
"2404","39","39","39"
"2405","9","9","9"
"2406","34","34","34"
"2407","25","25","25"
"2408","31","31","31"
"2409","18","18","18"
"2410","16","16","16"
"2411","17","17","17"
"2412","10","10","10"
"2413","21","21","21"
"2414","21","21","21"
"2415","18","18","18"
"2416","16","16","16"
"2417","22","22","22"
"2418","14","14","14"
"2419","29","29","29"
"2420","31","31","31"
"2421","13","13","13"
"2422","21","21","21"
"2423","28","28","28"
"2424","17","17","17"
"2425","16","16","16"
"2426","5","5","5"
"2427","27","27","27"
"2428","54","54","54"
"2429","36","36","36"
"2430","37","37","37"
"2431","12","12","12"
"2432","23","23","23"
"2433","17","17","17"
"2434","30","30","30"
"2435","22","22","22"
"2436","27","27","27"
"2437","13","13","13"
"2438","33","33","33"
"2439","20","20","20"
"2440","33","33","33"
"2441","35","35","35"
"2442","14","14","14"
"2443","27","27","27"
"2444","34","34","34"
"2445","12","12","12"
"2446","16","16","16"
"2447","27","27","27"
"2448","37","37","37"
"2449","16","16","16"
"2450","7","7","7"
"2451","31","31","31"
"2452","10","10","10"
"2453","13","13","13"
"2454","2","2","2"
"2455","24","24","24"
"2456","2","2","2"
"2457","7","7","7"
"2458","11","11","11"
"2459","7","7","7"
"2460","19","19","19"
"2461","28","28","28"
"2462","11","11","11"
"2463","24","24","24"
"2464","29","29","29"
"2465","32","32","32"
"2466","37","37","37"
"2467","23","23","23"
"2468","9","9","9"
"2469","14","14","14"
"2470","14","14","14"
"2471","5","5","5"
"2472","24","24","24"
"2473","17","17","17"
"2474","14","14","14"
"2475","13","13","13"
"2476","22","22","22"
"2477","27","27","27"
"2478","31","31","31"
"2479","12","12","12"
"2480","19","19","19"
"2481","9","9","9"
"2482","17","17","17"
"2483","35","35","35"
"2484","23","23","23"
"2485","17","17","17"
"2486","29","29","29"
"2487","14","14","14"
"2488","8","8","8"
"2489","11","11","11"
"2490","15","15","15"
"2491","17","17","17"
"2492","22","22","22"
"2493","18","18","18"
"2494","29","29","29"
"2495","21","21","21"
"2496","43","43","43"
"2497","14","14","14"
"2498","14","14","14"
"2499","17","17","17"
"2500","20","20","20"
"2501","30","30","30"
"2502","23","23","23"
"2503","18","18","18"
"2504","22","22","22"
"2505","32","32","32"
"2506","39","39","39"
"2507","14","14","14"
"2508","23","23","23"
"2509","17","17","17"
"2510","13","13","13"
"2511","33","33","33"
"2512","29","29","29"
"2513","12","12","12"
"2514","6","6","6"
"2515","35","35","35"
"2516","22","22","22"
"2517","31","31","31"
"2518","59","59","59"
"2519","22","22","22"
"2520","58","58","58"
"2521","6","6","6"
"2522","21","21","21"
"2523","24","24","24"
"2524","19","19","19"
"2525","13","13","13"
"2526","1","1","1"
"2527","25","25","25"
"2528","29","29","29"
"2529","35","35","35"
"2530","15","15","15"
"2531","13","13","13"
"2532","31","31","31"
"2533","7","7","7"
"2534","29","29","29"
"2535","8","8","8"
"2536","11","11","11"
"2537","29","29","29"
"2538","22","22","22"
"2539","14","14","14"
"2540","11","11","11"
"2541","36","36","36"
"2542","28","28","28"
"2543","17","17","17"
"2544","32","32","32"
"2545","34","34","34"
"2546","26","26","26"
"2547","24","24","24"
"2548","12","12","12"
"2549","23","23","23"
"2550","11","11","11"
"2551","33","33","33"
"2552","32","32","32"
"2553","8","8","8"
"2554","45","45","45"
"2555","40","40","40"
"2556","15","15","15"
"2557","25","25","25"
"2558","64","64","64"
"2559","6","6","6"
"2560","5","5","5"
"2561","10","10","10"
"2562","21","21","21"
"2563","16","16","16"
"2564","15","15","15"
"2565","10","10","10"
"2566","8","8","8"
"2567","12","12","12"
"2568","22","22","22"
"2569","27","27","27"
"2570","27","27","27"
"2571","12","12","12"
"2572","19","19","19"
"2573","26","26","26"
"2574","37","37","37"
"2575","19","19","19"
"2576","41","41","41"
"2577","11","11","11"
"2578","13","13","13"
"2579","19","19","19"
"2580","19","19","19"
"2581","22","22","22"
"2582","27","27","27"
"2583","36","36","36"
"2584","36","36","36"
"2585","32","32","32"
"2586","33","33","33"
"2587","9","9","9"
"2588","14","14","14"
"2589","11","11","11"
"2590","13","13","13"
"2591","37","37","37"
"2592","14","14","14"
"2593","15","15","15"
"2594","31","31","31"
"2595","34","34","34"
"2596","15","15","15"
"2597","24","24","24"
"2598","26","26","26"
"2599","23","23","23"
"2600","11","11","11"
"2601","18","18","18"
"2602","10","10","10"
"2603","22","22","22"
"2604","10","10","10"
"2605","24","24","24"
"2606","29","29","29"
"2607","20","20","20"
"2608","42","42","42"
"2609","20","20","20"
"2610","30","30","30"
"2611","28","28","28"
"2612","12","12","12"
"2613","8","8","8"
"2614","20","20","20"
"2615","22","22","22"
"2616","7","7","7"
"2617","23","23","23"
"2618","19","19","19"
"2619","13","13","13"
"2620","21","21","21"
"2621","18","18","18"
"2622","3","3","3"
"2623","13","13","13"
"2624","33","33","33"
"2625","34","34","34"
"2626","17","17","17"
"2627","15","15","15"
"2628","14","14","14"
"2629","17","17","17"
"2630","31","31","31"
"2631","13","13","13"
"2632","25","25","25"
"2633","35","35","35"
"2634","15","15","15"
"2635","38","38","38"
"2636","18","18","18"
"2637","7","7","7"
"2638","24","24","24"
"2639","23","23","23"
"2640","3","3","3"
"2641","28","28","28"
"2642","18","18","18"
"2643","14","14","14"
"2644","22","22","22"
"2645","20","20","20"
"2646","29","29","29"
"2647","17","17","17"
"2648","26","26","26"
"2649","4","4","4"
"2650","20","20","20"
"2651","12","12","12"
"2652","25","25","25"
"2653","51","51","51"
"2654","15","15","15"
"2655","21","21","21"
"2656","9","9","9"
"2657","18","18","18"
"2658","37","37","37"
"2659","22","22","22"
"2661","37","37","37"
"2662","37","37","37"
"2663","40","40","40"
"2664","41","41","41"
"2665","24","24","24"
"2666","26","26","26"
"2667","46","46","46"
"2668","30","30","30"
"2669","21","21","21"
"2670","17","17","17"
"2671","3","3","3"
"2672","22","22","22"
"2673","20","20","20"
"2674","40","40","40"
"2675","47","47","47"
"2676","26","26","26"
"2677","33","33","33"
"2678","13","13","13"
"2679","15","15","15"
"2680","7","7","7"
"2681","28","28","28"
"2682","8","8","8"
"2683","24","24","24"
"2684","37","37","37"
"2685","20","20","20"
"2686","37","37","37"
"2687","32","32","32"
"2688","11","11","11"
"2689","20","20","20"
"2690","8","8","8"
"2691","18","18","18"
"2692","25","25","25"
"2693","22","22","22"
"2694","17","17","17"
"2695","31","31","31"
"2696","28","28","28"
"2697","51","51","51"
"2698","4","4","4"
"2699","22","22","22"
"2700","43","43","43"
"2701","14","14","14"
"2702","9","9","9"
"2703","16","16","16"
"2704","23","23","23"
"2705","43","43","43"
"2706","24","24","24"
"2707","26","26","26"
"2708","19","19","19"
"2709","9","9","9"
"2710","19","19","19"
"2711","3","3","3"
"2712","21","21","21"
"2713","12","12","12"
"2714","27","27","27"
"2715","65","65","65"
"2716","3","3","3"
"2717","11","11","11"
"2718","15","15","15"
"2719","19","19","19"
"2720","21","21","21"
"2721","15","15","15"
"2722","14","14","14"
"2723","16","16","16"
"2724","23","23","23"
"2725","21","21","21"
"2726","31","31","31"
"2727","14","14","14"
"2728","22","22","22"
"2729","14","14","14"
"2730","11","11","11"
"2731","21","21","21"
"2732","16","16","16"
"2733","18","18","18"
"2734","7","7","7"
"2735","30","30","30"
"2736","16","16","16"
"2737","31","31","31"
"2738","15","15","15"
"2739","20","20","20"
"2740","24","24","24"
"2741","34","34","34"
"2742","18","18","18"
"2743","15","15","15"
"2744","23","23","23"
"2745","11","11","11"
"2746","12","12","12"
"2747","21","21","21"
"2748","35","35","35"
"2749","11","11","11"
"2750","17","17","17"
"2751","24","24","24"
"2752","21","21","21"
"2753","23","23","23"
"2754","23","23","23"
"2755","19","19","19"
"2756","9","9","9"
"2757","17","17","17"
"2758","46","46","46"
"2759","37","37","37"
"2760","12","12","12"
"2761","28","28","28"
"2762","28","28","28"
"2763","14","14","14"
"2764","19","19","19"
"2765","14","14","14"
"2766","42","42","42"
"2767","31","31","31"
"2768","28","28","28"
"2769","8","8","8"
"2770","6","6","6"
"2771","41","41","41"
"2772","35","35","35"
"2773","20","20","20"
"2774","22","22","22"
"2775","26","26","26"
"2776","26","26","26"
"2777","14","14","14"
"2778","30","30","30"
"2779","3","3","3"
"2780","20","20","20"
"2781","26","26","26"
"2782","4","4","4"
"2783","41","41","41"
"2784","4","4","4"
"2785","30","30","30"
"2786","27","27","27"
"2787","23","23","23"
"2788","19","19","19"
"2789","11","11","11"
"2790","11","11","11"
"2791","17","17","17"
"2792","18","18","18"
"2793","31","31","31"
"2794","34","34","34"
"2795","17","17","17"
"2796","25","25","25"
"2797","28","28","28"
"2798","14","14","14"
"2799","3","3","3"
"2800","13","13","13"
"2801","11","11","11"
"2802","29","29","29"
"2803","12","12","12"
"2804","18","18","18"
"2805","23","23","23"
"2806","16","16","16"
"2807","10","10","10"
"2808","10","10","10"
"2809","14","14","14"
"2810","19","19","19"
"2811","11","11","11"
"2812","27","27","27"
"2813","17","17","17"
"2814","25","25","25"
"2815","9","9","9"
"2816","14","14","14"
"2817","21","21","21"
"2818","27","27","27"
"2819","3","3","3"
"2820","10","10","10"
"2821","9","9","9"
"2822","19","19","19"
"2823","15","15","15"
"2824","12","12","12"
"2825","17","17","17"
"2826","26","26","26"
"2827","21","21","21"
"2828","12","12","12"
"2829","19","19","19"
"2830","5","5","5"
"2831","37","37","37"
"2832","9","9","9"
"2833","11","11","11"
"2834","12","12","12"
"2835","14","14","14"
"2836","7","7","7"
"2837","31","31","31"
"2838","13","13","13"
"2839","32","32","32"
"2840","37","37","37"
"2841","20","20","20"
"2842","28","28","28"
"2843","10","10","10"
"2844","25","25","25"
"2845","31","31","31"
"2846","24","24","24"
"2847","22","22","22"
"2848","10","10","10"
"2849","12","12","12"
"2850","24","24","24"
"2851","16","16","16"
"2852","20","20","20"
"2853","29","29","29"
"2854","17","17","17"
"2855","21","21","21"
"2856","42","42","42"
"2857","25","25","25"
"2858","22","22","22"
"2859","16","16","16"
"2860","26","26","26"
"2861","23","23","23"
"2862","29","29","29"
"2863","17","17","17"
"2864","20","20","20"
"2865","14","14","14"
"2866","22","22","22"
"2867","23","23","23"
"2868","13","13","13"
"2869","45","45","45"
"2870","31","31","31"
"2871","15","15","15"
"2872","12","12","12"
"2873","27","27","27"
"2874","18","18","18"
"2875","20","20","20"
"2876","19","19","19"
"2877","26","26","26"
"2878","25","25","25"
"2879","31","31","31"
"2880","39","39","39"
"2881","24","24","24"
"2882","22","22","22"
"2883","31","31","31"
"2884","23","23","23"
"2885","11","11","11"
"2886","11","11","11"
"2887","23","23","23"
"2888","18","18","18"
"2889","33","33","33"
"2890","21","21","21"
"2891","11","11","11"
"2892","37","37","37"
"2893","26","26","26"
"2894","25","25","25"
"2895","39","39","39"
"2896","22","22","22"
"2897","26","26","26"
"2898","22","22","22"
"2899","32","32","32"
"2900","30","30","30"
"2901","6","6","6"
"2902","8","8","8"
"2903","18","18","18"
"2904","7","7","7"
"2905","22","22","22"
"2906","16","16","16"
"2907","21","21","21"
"2908","22","22","22"
"2909","33","33","33"
"2910","24","24","24"
"2911","28","28","28"
"2912","22","22","22"
"2913","4","4","4"
"2914","12","12","12"
"2915","32","32","32"
"2916","4","4","4"
"2917","7","7","7"
"2918","22","22","22"
"2919","13","13","13"
"2920","43","43","43"
"2921","28","28","28"
"2922","29","29","29"
"2923","13","13","13"
"2924","13","13","13"
"2925","9","9","9"
"2926","40","40","40"
"2927","15","15","15"
"2928","33","33","33"
"2929","21","21","21"
"2930","21","21","21"
"2931","24","24","24"
"2932","11","11","11"
"2933","15","15","15"
"2934","13","13","13"
"2935","3","3","3"
"2936","17","17","17"
"2937","8","8","8"
"2938","21","21","21"
"2939","8","8","8"
"2940","29","29","29"
"2941","21","21","21"
"2942","48","48","48"
"2943","7","7","7"
"2944","22","22","22"
"2945","24","24","24"
"2946","16","16","16"
"2947","13","13","13"
"2948","14","14","14"
"2949","27","27","27"
"2950","11","11","11"
"2951","4","4","4"
"2952","19","19","19"
"2953","18","18","18"
"2954","17","17","17"
"2955","16","16","16"
"2956","9","9","9"
"2957","16","16","16"
"2958","8","8","8"